seed,phenomenon,reward,weight_decay,N,selected_proxy_reward_mean,selected_true_utility_mean,selected_spurious_utility_mean,oracle_best_true_utility_mean,proxy_minus_true_gap
170000,verbosity,helpfulness,0.0,1,1.6625585549360906,-0.0574456473298083,2.250716177393312,-0.0574456473298083,1.7200042022658988
170000,verbosity,helpfulness,0.0,4,4.217158343372941,0.5368822252582348,4.358287515905894,1.0296440540380434,3.680276118114706
170000,verbosity,helpfulness,0.0,16,4.960542097224531,0.5739478052255357,7.714945248047682,1.771064215937814,4.386594291998994
170000,verbosity,helpfulness,0.0,64,5.0213285970846355,0.8288150186072964,9.79070814161931,2.3228705360313766,4.192513578477338
170000,verbosity,helpfulness,0.1,1,1.5434393493776286,-0.0574456473298083,2.250716177393312,-0.0574456473298083,1.6008849967074368
170000,verbosity,helpfulness,0.1,4,3.8978034509008572,0.5556817006202747,4.369858799836533,1.0296440540380434,3.3421217502805827
170000,verbosity,helpfulness,0.1,16,4.60006392783315,0.5905470632035034,7.7437130856634155,1.771064215937814,4.0095168646296475
170000,verbosity,helpfulness,0.1,64,4.664627437387215,0.7909026813475447,9.939250226343448,2.3228705360313766,3.8737247560396697
170000,verbosity,helpfulness,0.5,1,1.3105826050213287,-0.0574456473298083,2.250716177393312,-0.0574456473298083,1.3680282523511371
170000,verbosity,helpfulness,0.5,4,3.0189801655541526,0.4964932127552669,4.476229839030031,1.0296440540380434,2.522486952798886
170000,verbosity,helpfulness,0.5,16,3.504677258790297,0.5215918367713427,8.08184691237911,1.771064215937814,2.9830854220189544
170000,verbosity,helpfulness,0.5,64,3.5572638418095535,0.6196580959000382,10.588387610377,2.3228705360313766,2.9376057459095155
170000,formatting,readability,0.0,1,1.6439771419726956,0.12973917016896352,1.9671185844263128,0.12973917016896352,1.5142379718037318
170000,formatting,readability,0.0,4,3.1295776603374255,0.5517577425026478,3.6589011746669646,1.0056363795467615,2.5778199178347774
170000,formatting,readability,0.0,16,3.396547800156919,0.6294531125639764,6.226892176549696,1.6906866176191688,2.767094687592943
170000,formatting,readability,0.0,64,3.4085967316911647,1.041152416194025,7.400269389382962,2.3099604137442187,2.3674443154971394
170000,formatting,readability,0.1,1,1.526266693055319,0.12973917016896352,1.9671185844263128,0.12973917016896352,1.3965275228863552
170000,formatting,readability,0.1,4,2.9184847222536634,0.5562369625054342,3.6370184660448572,1.0056363795467615,2.3622477597482288
170000,formatting,readability,0.1,16,3.187523120870975,0.6358981193890727,6.24214484812529,1.6906866176191688,2.5516250014819017
170000,formatting,readability,0.1,64,3.2025944867994243,1.115426279333799,7.246819779201084,2.3099604137442187,2.0871682074656253
170000,formatting,readability,0.5,1,1.2204037615196432,0.12973917016896352,1.9671185844263128,0.12973917016896352,1.0906645913506796
170000,formatting,readability,0.5,4,2.299613168045535,0.5563080453544196,3.674919738562075,1.0056363795467615,1.7433051226911156
170000,formatting,readability,0.5,16,2.5309709939982357,0.5589823246587355,6.849569654409428,1.6906866176191688,1.9719886693394997
170000,formatting,readability,0.5,64,2.5441332480968515,0.8190380897704636,8.405660335864868,2.3099604137442187,1.7250951583263885
170000,confidence,decisiveness,0.0,1,2.7565370439248698,0.12313598702658289,2.7040133392968904,0.12313598702658289,2.6334010568982866
170000,confidence,decisiveness,0.0,4,3.633453196018815,0.35997827385099257,5.786886778986405,1.218860708000571,3.273474922167822
170000,confidence,decisiveness,0.0,16,3.694193456501717,0.19610105041008374,10.277689670111554,1.8517263187940425,3.4980924060916334
170000,confidence,decisiveness,0.0,64,3.694322647558165,0.23027247562180797,13.494917545023737,2.3860972733548143,3.4640501719363566
170000,confidence,decisiveness,0.1,1,2.5769207270080585,0.12313598702658289,2.7040133392968904,0.12313598702658289,2.453784739981475
170000,confidence,decisiveness,0.1,4,3.3945702918217147,0.34500109590386085,5.805535441434756,1.218860708000571,3.049569195917854
170000,confidence,decisiveness,0.1,16,3.4531233457379136,0.13956752729514602,10.344428410239948,1.8517263187940425,3.313555818442767
170000,confidence,decisiveness,0.1,64,3.4532611022318997,0.17544458577552377,13.557640515376649,2.3860972733548143,3.2778165164563764
170000,confidence,decisiveness,0.5,1,2.028748555812905,0.12313598702658289,2.7040133392968904,0.12313598702658289,1.9056125687863217
170000,confidence,decisiveness,0.5,4,2.6477619172233253,0.3225739965657632,5.844044341587433,1.218860708000571,2.325187920657562
170000,confidence,decisiveness,0.5,16,2.700162220861934,0.08408964347785246,10.449508650705889,1.8517263187940425,2.6160725773840814
170000,confidence,decisiveness,0.5,64,2.7003774244001124,0.05835813811231834,13.71747873578396,2.3860972733548143,2.642019286287794
170000,fabricated_reasoning,reasoning_quality,0.0,1,2.7519943013010484,0.20751041342286172,2.421022272187309,0.20751041342286172,2.5444838878781875
170000,fabricated_reasoning,reasoning_quality,0.0,4,4.3239562827264875,0.44114659566614783,4.999980941402847,1.0809398169437618,3.882809687060339
170000,fabricated_reasoning,reasoning_quality,0.0,16,4.5681598856965495,0.41379639987534916,9.149805324359699,1.840624932993724,4.154363485821201
170000,fabricated_reasoning,reasoning_quality,0.0,64,4.571495116702583,0.5182136184283128,11.935753352023328,2.442370312547153,4.053281498274271
170000,fabricated_reasoning,reasoning_quality,0.1,1,2.526267129032261,0.20751041342286172,2.421022272187309,0.20751041342286172,2.318756715609399
170000,fabricated_reasoning,reasoning_quality,0.1,4,4.006629908367296,0.4437595953670552,5.021274782268546,1.0809398169437618,3.5628703130002406
170000,fabricated_reasoning,reasoning_quality,0.1,16,4.257734207004317,0.38503255211072207,9.273341558741539,1.840624932993724,3.872701654893595
170000,fabricated_reasoning,reasoning_quality,0.1,64,4.2624099694820385,0.48270710225181157,11.95920083628284,2.442370312547153,3.779702867230227
170000,fabricated_reasoning,reasoning_quality,0.5,1,1.8998988972140112,0.20751041342286172,2.421022272187309,0.20751041342286172,1.6923884837911494
170000,fabricated_reasoning,reasoning_quality,0.5,4,3.0469713126111966,0.43403054904687605,5.125941749199668,1.0809398169437618,2.6129407635643203
170000,fabricated_reasoning,reasoning_quality,0.5,16,3.276230594006653,0.4016635588818559,9.249863394288194,1.840624932993724,2.874567035124797
170000,fabricated_reasoning,reasoning_quality,0.5,64,3.283738214622523,0.3506469555506314,12.280405324437124,2.442370312547153,2.9330912590718916
