seed,weight_decay,N,selected_proxy_reward_mean,selected_true_utility_mean,selected_spurious_utility_mean,oracle_best_true_utility_mean,random_candidate_true_utility_mean,proxy_minus_true_gap
90000,0.0,1,2.7798194885253906,-0.009882846847176552,1.9918525218963623,-0.009882846847176552,-0.009882843121886253,2.7897024154663086
90000,0.0,4,4.530588150024414,0.02778063714504242,4.0967326164245605,1.0256478786468506,-0.009882843121886253,4.5028076171875
90000,0.0,16,4.869838714599609,-0.0026415777392685413,6.778754711151123,1.747376799583435,-0.009882843121886253,4.872480392456055
90000,0.0,64,4.8767900466918945,-0.006276237778365612,9.353114128112793,2.342041015625,-0.009882843121886253,4.883066177368164
90000,0.0,256,4.876830101013184,0.00402941694483161,11.461041450500488,2.830634117126465,-0.009882843121886253,4.872800827026367
90000,1e-05,1,2.7798194885253906,-0.009882846847176552,1.9918525218963623,-0.009882846847176552,-0.009882843121886253,2.7897024154663086
90000,1e-05,4,4.530588150024414,0.02778063714504242,4.0967326164245605,1.0256478786468506,-0.009882843121886253,4.5028076171875
90000,1e-05,16,4.869838714599609,-0.0026415777392685413,6.778754711151123,1.747376799583435,-0.009882843121886253,4.872480392456055
90000,1e-05,64,4.8767900466918945,-0.006276237778365612,9.353114128112793,2.342041015625,-0.009882843121886253,4.883066177368164
90000,1e-05,256,4.876830101013184,0.00402941694483161,11.461041450500488,2.830634117126465,-0.009882843121886253,4.872800827026367
90000,0.0001,1,2.776329517364502,-0.009882846847176552,1.9918525218963623,-0.009882846847176552,-0.009882843121886253,2.78621244430542
90000,0.0001,4,4.527463436126709,0.02872519940137863,4.095587730407715,1.0256478786468506,-0.009882843121886253,4.4987382888793945
90000,0.0001,16,4.867636680603027,-0.001911441795527935,6.77540922164917,1.747376799583435,-0.009882843121886253,4.869548320770264
90000,0.0001,64,4.874614238739014,-0.010991130024194717,9.320347785949707,2.342041015625,-0.009882843121886253,4.885605335235596
90000,0.0001,256,4.874655723571777,-0.023353008553385735,11.296013832092285,2.830634117126465,-0.009882843121886253,4.898008823394775
90000,0.001,1,2.777181386947632,-0.009882846847176552,1.9918525218963623,-0.009882846847176552,-0.009882843121886253,2.78706431388855
90000,0.001,4,4.5285491943359375,0.026562897488474846,4.09593391418457,1.0256478786468506,-0.009882843121886253,4.501986503601074
90000,0.001,16,4.865936756134033,-0.004434076603502035,6.7761993408203125,1.747376799583435,-0.009882843121886253,4.870370864868164
90000,0.001,64,4.872767448425293,-0.009288907982409,9.219839096069336,2.342041015625,-0.009882843121886253,4.88205623626709
90000,0.001,256,4.872805118560791,-0.004200218245387077,10.77342700958252,2.830634117126465,-0.009882843121886253,4.877005100250244
90000,0.01,1,2.761256694793701,-0.009882846847176552,1.9918525218963623,-0.009882846847176552,-0.009882843121886253,2.771139621734619
90000,0.01,4,4.495511531829834,0.031185735017061234,4.094051361083984,1.0256478786468506,-0.009882843121886253,4.464325904846191
90000,0.01,16,4.828295707702637,-0.003385391319170594,6.776080131530762,1.747376799583435,-0.009882843121886253,4.831681251525879
90000,0.01,64,4.834968566894531,-0.014084342867136002,9.320712089538574,2.342041015625,-0.009882843121886253,4.849052906036377
90000,0.01,256,4.835007190704346,-0.027742832899093628,11.298863410949707,2.830634117126465,-0.009882843121886253,4.862750053405762
90000,0.1,1,2.609466791152954,-0.009882846847176552,1.9918525218963623,-0.009882846847176552,-0.009882843121886253,2.619349718093872
90000,0.1,4,4.209285259246826,0.030287468805909157,4.098194599151611,1.0256478786468506,-0.009882843121886253,4.178997993469238
90000,0.1,16,4.501807689666748,-0.002749339211732149,6.773480415344238,1.747376799583435,-0.009882843121886253,4.504557132720947
90000,0.1,64,4.507653713226318,-0.015745969489216805,9.227906227111816,2.342041015625,-0.009882843121886253,4.523399829864502
90000,0.1,256,4.507690906524658,-0.0002127509069396183,10.778465270996094,2.830634117126465,-0.009882843121886253,4.507903575897217
90000,1.0,1,1.74506676197052,-0.009882846847176552,1.9918525218963623,-0.009882846847176552,-0.009882843121886253,1.7549495697021484
90000,1.0,4,2.582050323486328,0.03117261454463005,4.103126049041748,1.0256478786468506,-0.009882843121886253,2.550877809524536
90000,1.0,16,2.678468704223633,-0.014757742173969746,6.7869343757629395,1.747376799583435,-0.009882843121886253,2.6932263374328613
90000,1.0,64,2.6798505783081055,-0.03266746550798416,9.259195327758789,2.342041015625,-0.009882843121886253,2.7125179767608643
90000,1.0,256,2.6798593997955322,-0.00714064808562398,10.835822105407715,2.830634117126465,-0.009882843121886253,2.687000036239624
90001,0.0,1,2.811180591583252,0.005093766376376152,2.0901455879211426,0.005093766376376152,0.005093771032989025,2.806086778640747
90001,0.0,4,4.337422847747803,0.017951732501387596,4.269384860992432,1.0380275249481201,0.005093771032989025,4.3194708824157715
90001,0.0,16,4.581804275512695,0.0839429646730423,6.758865833282471,1.798901081085205,0.005093771032989025,4.497861385345459
90001,0.0,64,4.586825847625732,0.057678643614053726,9.38082504272461,2.3770952224731445,0.005093771032989025,4.529147148132324
90001,0.0,256,4.586874485015869,0.026793060824275017,11.60286808013916,2.849123001098633,0.005093771032989025,4.560081481933594
90001,1e-05,1,2.811180591583252,0.005093766376376152,2.0901455879211426,0.005093766376376152,0.005093771032989025,2.806086778640747
90001,1e-05,4,4.337422847747803,0.017951732501387596,4.269384860992432,1.0380275249481201,0.005093771032989025,4.3194708824157715
90001,1e-05,16,4.581804275512695,0.0839429646730423,6.758865833282471,1.798901081085205,0.005093771032989025,4.497861385345459
90001,1e-05,64,4.586825847625732,0.057678643614053726,9.38082504272461,2.3770952224731445,0.005093771032989025,4.529147148132324
90001,1e-05,256,4.586874485015869,0.026793060824275017,11.60286808013916,2.849123001098633,0.005093771032989025,4.560081481933594
90001,0.0001,1,2.8140652179718018,0.005093766376376152,2.0901455879211426,0.005093766376376152,0.005093771032989025,2.808971405029297
90001,0.0001,4,4.33823299407959,0.020349493250250816,4.268526554107666,1.0380275249481201,0.005093771032989025,4.317883491516113
90001,0.0001,16,4.581103324890137,0.08507789671421051,6.760715484619141,1.798901081085205,0.005093771032989025,4.496025562286377
90001,0.0001,64,4.586036205291748,0.05668261647224426,9.398200988769531,2.3770952224731445,0.005093771032989025,4.529353618621826
90001,0.0001,256,4.586082458496094,0.032171301543712616,11.759770393371582,2.849123001098633,0.005093771032989025,4.553911209106445
90001,0.001,1,2.8126606941223145,0.005093766376376152,2.0901455879211426,0.005093766376376152,0.005093771032989025,2.8075668811798096
90001,0.001,4,4.337320327758789,0.01924322172999382,4.268256664276123,1.0380275249481201,0.005093771032989025,4.318077087402344
90001,0.001,16,4.579322814941406,0.08771637082099915,6.759438514709473,1.798901081085205,0.005093771032989025,4.49160623550415
90001,0.001,64,4.584155082702637,0.056246567517519,9.39580249786377,2.3770952224731445,0.005093771032989025,4.5279083251953125
90001,0.001,256,4.584198951721191,0.028181031346321106,11.729697227478027,2.849123001098633,0.005093771032989025,4.556017875671387
90001,0.01,1,2.8019750118255615,0.005093766376376152,2.0901455879211426,0.005093766376376152,0.005093771032989025,2.7968811988830566
90001,0.01,4,4.309065341949463,0.019410954788327217,4.268537521362305,1.0380275249481201,0.005093771032989025,4.28965425491333
90001,0.01,16,4.545469760894775,0.08690261840820312,6.7581353187561035,1.798901081085205,0.005093771032989025,4.458567142486572
90001,0.01,64,4.550293922424316,0.05853176862001419,9.397024154663086,2.3770952224731445,0.005093771032989025,4.491762161254883
90001,0.01,256,4.5503411293029785,0.035909879952669144,11.72727108001709,2.849123001098633,0.005093771032989025,4.514431476593018
90001,0.1,1,2.650722026824951,0.005093766376376152,2.0901455879211426,0.005093766376376152,0.005093771032989025,2.6456282138824463
90001,0.1,4,4.024489402770996,0.03161109611392021,4.263773441314697,1.0380275249481201,0.005093771032989025,3.9928781986236572
90001,0.1,16,4.234391689300537,0.09064749628305435,6.760138988494873,1.798901081085205,0.005093771032989025,4.143743991851807
90001,0.1,64,4.239268779754639,0.057478997856378555,9.400909423828125,2.3770952224731445,0.005093771032989025,4.181789875030518
90001,0.1,256,4.239328384399414,0.03890611231327057,11.684856414794922,2.849123001098633,0.005093771032989025,4.200422286987305
90001,1.0,1,1.743998646736145,0.005093766376376152,2.0901455879211426,0.005093766376376152,0.005093771032989025,1.7389048337936401
90001,1.0,4,2.467038154602051,0.022881226614117622,4.27254581451416,1.0380275249481201,0.005093771032989025,2.4441568851470947
90001,1.0,16,2.539471387863159,0.0606689527630806,6.765763282775879,1.798901081085205,0.005093771032989025,2.478802442550659
90001,1.0,64,2.540658950805664,0.0384368821978569,9.279129028320312,2.3770952224731445,0.005093771032989025,2.5022220611572266
90001,1.0,256,2.540666103363037,0.010670707561075687,10.768538475036621,2.849123001098633,0.005093771032989025,2.5299954414367676
90002,0.0,1,2.668013334274292,-0.023621780797839165,1.9903225898742676,-0.023621780797839165,-0.023621786385774612,2.6916351318359375
90002,0.0,4,4.184027671813965,0.007499375380575657,4.121756076812744,1.003263235092163,-0.023621786385774612,4.176528453826904
90002,0.0,16,4.437297344207764,0.023475484922528267,6.694151878356934,1.7813539505004883,-0.023621786385774612,4.413821697235107
90002,0.0,64,4.442749977111816,-0.0031461569014936686,9.342519760131836,2.3504035472869873,-0.023621786385774612,4.445896148681641
90002,0.0,256,4.442785739898682,0.020840533077716827,11.253125190734863,2.8376986980438232,-0.023621786385774612,4.421945095062256
90002,1e-05,1,2.668013334274292,-0.023621780797839165,1.9903225898742676,-0.023621780797839165,-0.023621786385774612,2.6916351318359375
90002,1e-05,4,4.184027671813965,0.007499375380575657,4.121756076812744,1.003263235092163,-0.023621786385774612,4.176528453826904
90002,1e-05,16,4.437297344207764,0.023475484922528267,6.694151878356934,1.7813539505004883,-0.023621786385774612,4.413821697235107
90002,1e-05,64,4.442749977111816,-0.0031461569014936686,9.342519760131836,2.3504035472869873,-0.023621786385774612,4.445896148681641
90002,1e-05,256,4.442785739898682,0.020840533077716827,11.253125190734863,2.8376986980438232,-0.023621786385774612,4.421945095062256
90002,0.0001,1,2.673323392868042,-0.023621780797839165,1.9903225898742676,-0.023621780797839165,-0.023621786385774612,2.6969451904296875
90002,0.0001,4,4.185239315032959,0.008944932371377945,4.12069034576416,1.003263235092163,-0.023621786385774612,4.176294326782227
90002,0.0001,16,4.437305927276611,0.025008367374539375,6.689595699310303,1.7813539505004883,-0.023621786385774612,4.41229772567749
90002,0.0001,64,4.442674160003662,-0.003902474418282509,9.284090995788574,2.3504035472869873,-0.023621786385774612,4.4465765953063965
90002,0.0001,256,4.442707061767578,-0.0042607481591403484,10.913429260253906,2.8376986980438232,-0.023621786385774612,4.446967601776123
90002,0.001,1,2.666377544403076,-0.023621780797839165,1.9903225898742676,-0.023621780797839165,-0.023621786385774612,2.6899993419647217
90002,0.001,4,4.178859710693359,0.008668219670653343,4.120665073394775,1.003263235092163,-0.023621786385774612,4.170191287994385
90002,0.001,16,4.432645320892334,0.022604871541261673,6.688109397888184,1.7813539505004883,-0.023621786385774612,4.410040378570557
90002,0.001,64,4.438172340393066,1.3865947948943358e-05,9.284039497375488,2.3504035472869873,-0.023621786385774612,4.4381585121154785
90002,0.001,256,4.438209533691406,-0.006546135060489178,10.957988739013672,2.8376986980438232,-0.023621786385774612,4.444755554199219
90002,0.01,1,2.650810718536377,-0.023621780797839165,1.9903225898742676,-0.023621780797839165,-0.023621786385774612,2.6744325160980225
90002,0.01,4,4.150157928466797,0.012937880121171474,4.11975622177124,1.003263235092163,-0.023621786385774612,4.1372199058532715
90002,0.01,16,4.398855686187744,0.028703177347779274,6.686164855957031,1.7813539505004883,-0.023621786385774612,4.370152473449707
90002,0.01,64,4.404158115386963,0.00443183071911335,9.253511428833008,2.3504035472869873,-0.023621786385774612,4.399726390838623
90002,0.01,256,4.4041948318481445,0.008599548600614071,10.830611228942871,2.8376986980438232,-0.023621786385774612,4.395595073699951
90002,0.1,1,2.5105440616607666,-0.023621780797839165,1.9903225898742676,-0.023621780797839165,-0.023621786385774612,2.534165859222412
90002,0.1,4,3.889908790588379,0.016603056341409683,4.120477676391602,1.003263235092163,-0.023621786385774612,3.8733057975769043
90002,0.1,16,4.103309631347656,0.017040370032191277,6.699466705322266,1.7813539505004883,-0.023621786385774612,4.086269378662109
90002,0.1,64,4.107264995574951,0.0015475854743272066,9.324522018432617,2.3504035472869873,-0.023621786385774612,4.105717182159424
90002,0.1,256,4.107287406921387,0.006607618182897568,11.12867546081543,2.8376986980438232,-0.023621786385774612,4.100679874420166
90002,1.0,1,1.6825783252716064,-0.023621780797839165,1.9903225898742676,-0.023621780797839165,-0.023621786385774612,1.706200122833252
90002,1.0,4,2.393282890319824,0.0006736292853020132,4.128282070159912,1.003263235092163,-0.023621786385774612,2.3926093578338623
90002,1.0,16,2.4649295806884766,0.025405878201127052,6.685059070587158,1.7813539505004883,-0.023621786385774612,2.439523696899414
90002,1.0,64,2.465919017791748,0.008991096168756485,9.181836128234863,2.3504035472869873,-0.023621786385774612,2.456928014755249
90002,1.0,256,2.4659247398376465,0.013856410048902035,10.451531410217285,2.8376986980438232,-0.023621786385774612,2.452068328857422
90003,0.0,1,2.6300010681152344,-0.0029408112168312073,1.968938946723938,-0.0029408112168312073,-0.0029408144764602184,2.632941961288452
90003,0.0,4,4.225661754608154,0.03531166911125183,4.095462799072266,1.022051215171814,-0.0029408144764602184,4.19035005569458
90003,0.0,16,4.551913261413574,0.09872730076313019,6.561731338500977,1.7613469362258911,-0.0029408144764602184,4.45318603515625
90003,0.0,64,4.562234401702881,0.11133313179016113,9.32482624053955,2.355470895767212,-0.0029408144764602184,4.450901031494141
90003,0.0,256,4.562404155731201,0.10217472910881042,11.627311706542969,2.858572244644165,-0.0029408144764602184,4.460229396820068
90003,1e-05,1,2.6300010681152344,-0.0029408112168312073,1.968938946723938,-0.0029408112168312073,-0.0029408144764602184,2.632941961288452
90003,1e-05,4,4.225661754608154,0.03531166911125183,4.095462799072266,1.022051215171814,-0.0029408144764602184,4.19035005569458
90003,1e-05,16,4.551913261413574,0.09872730076313019,6.561731338500977,1.7613469362258911,-0.0029408144764602184,4.45318603515625
90003,1e-05,64,4.562234401702881,0.11133313179016113,9.32482624053955,2.355470895767212,-0.0029408144764602184,4.450901031494141
90003,1e-05,256,4.562404155731201,0.10217472910881042,11.627311706542969,2.858572244644165,-0.0029408144764602184,4.460229396820068
90003,0.0001,1,2.625685930252075,-0.0029408112168312073,1.968938946723938,-0.0029408112168312073,-0.0029408144764602184,2.628626823425293
90003,0.0001,4,4.2241010665893555,0.0370640829205513,4.095303058624268,1.022051215171814,-0.0029408144764602184,4.187036991119385
90003,0.0001,16,4.5525617599487305,0.09502846747636795,6.563938140869141,1.7613469362258911,-0.0029408144764602184,4.457533359527588
90003,0.0001,64,4.562900066375732,0.1059664636850357,9.332362174987793,2.355470895767212,-0.0029408144764602184,4.456933498382568
90003,0.0001,256,4.563066005706787,0.09929138422012329,11.695184707641602,2.858572244644165,-0.0029408144764602184,4.463774681091309
90003,0.001,1,2.6347784996032715,-0.0029408112168312073,1.968938946723938,-0.0029408112168312073,-0.0029408144764602184,2.6377193927764893
90003,0.001,4,4.225444793701172,0.033620916306972504,4.0980610847473145,1.022051215171814,-0.0029408144764602184,4.191823959350586
90003,0.001,16,4.548816680908203,0.09180930256843567,6.571739673614502,1.7613469362258911,-0.0029408144764602184,4.45700740814209
90003,0.001,64,4.558699131011963,0.10843034088611603,9.36838150024414,2.355470895767212,-0.0029408144764602184,4.450268745422363
90003,0.001,256,4.558855056762695,0.09402589499950409,11.923383712768555,2.858572244644165,-0.0029408144764602184,4.464828968048096
90003,0.01,1,2.625593900680542,-0.0029408112168312073,1.968938946723938,-0.0029408112168312073,-0.0029408144764602184,2.6285347938537598
90003,0.01,4,4.200321674346924,0.03316960483789444,4.097290515899658,1.022051215171814,-0.0029408144764602184,4.167151927947998
90003,0.01,16,4.515909671783447,0.08994105458259583,6.573482990264893,1.7613469362258911,-0.0029408144764602184,4.425968647003174
90003,0.01,64,4.525406360626221,0.10912072658538818,9.367897033691406,2.355470895767212,-0.0029408144764602184,4.416285514831543
90003,0.01,256,4.525557518005371,0.10436104238033295,11.935742378234863,2.858572244644165,-0.0029408144764602184,4.421196460723877
90003,0.1,1,2.5011448860168457,-0.0029408112168312073,1.968938946723938,-0.0029408112168312073,-0.0029408144764602184,2.5040857791900635
90003,0.1,4,3.9428725242614746,0.03125469386577606,4.102065086364746,1.022051215171814,-0.0029408144764602184,3.9116177558898926
90003,0.1,16,4.212020397186279,0.07289861887693405,6.581794738769531,1.7613469362258911,-0.0029408144764602184,4.139122009277344
90003,0.1,64,4.219222545623779,0.07849955558776855,9.344590187072754,2.355470895767212,-0.0029408144764602184,4.14072322845459
90003,0.1,256,4.219325542449951,0.06855329871177673,11.48351764678955,2.858572244644165,-0.0029408144764602184,4.1507720947265625
90003,1.0,1,1.6933281421661377,-0.0029408112168312073,1.968938946723938,-0.0029408112168312073,-0.0029408144764602184,1.696268916130066
90003,1.0,4,2.4351696968078613,0.010527175851166248,4.116700649261475,1.022051215171814,-0.0029408144764602184,2.424642562866211
90003,1.0,16,2.5157368183135986,0.029213890433311462,6.602822303771973,1.7613469362258911,-0.0029408144764602184,2.486522912979126
90003,1.0,64,2.5167365074157715,0.0033064752351492643,9.265727996826172,2.355470895767212,-0.0029408144764602184,2.513430118560791
90003,1.0,256,2.5167441368103027,-0.010208720341324806,10.795815467834473,2.858572244644165,-0.0029408144764602184,2.5269527435302734
90004,0.0,1,2.9238035678863525,0.026295941323041916,1.9270678758621216,0.026295941323041916,0.026295948773622513,2.897507667541504
90004,0.0,4,4.8330793380737305,0.07074740529060364,4.08863639831543,1.0250989198684692,0.026295948773622513,4.762331962585449
90004,0.0,16,5.266117095947266,0.07020701467990875,6.768533706665039,1.7644582986831665,0.026295948773622513,5.1959099769592285
90004,0.0,64,5.282676696777344,0.08116275817155838,9.44071102142334,2.3461742401123047,0.026295948773622513,5.201513767242432
90004,0.0,256,5.282873153686523,0.05746357515454292,12.039716720581055,2.8388288021087646,0.026295948773622513,5.225409507751465
90004,1e-05,1,2.9238035678863525,0.026295941323041916,1.9270678758621216,0.026295941323041916,0.026295948773622513,2.897507667541504
90004,1e-05,4,4.8330793380737305,0.07074740529060364,4.08863639831543,1.0250989198684692,0.026295948773622513,4.762331962585449
90004,1e-05,16,5.266117095947266,0.07020701467990875,6.768533706665039,1.7644582986831665,0.026295948773622513,5.1959099769592285
90004,1e-05,64,5.282676696777344,0.08116275817155838,9.44071102142334,2.3461742401123047,0.026295948773622513,5.201513767242432
90004,1e-05,256,5.282873153686523,0.05746357515454292,12.039716720581055,2.8388288021087646,0.026295948773622513,5.225409507751465
90004,0.0001,1,2.929812431335449,0.026295941323041916,1.9270678758621216,0.026295941323041916,0.026295948773622513,2.9035165309906006
90004,0.0001,4,4.836176872253418,0.06889110058546066,4.089232921600342,1.0250989198684692,0.026295948773622513,4.7672858238220215
90004,0.0001,16,5.266514301300049,0.06864027678966522,6.771157741546631,1.7644582986831665,0.026295948773622513,5.197874069213867
90004,0.0001,64,5.283060073852539,0.08207077533006668,9.44194221496582,2.3461742401123047,0.026295948773622513,5.200989246368408
90004,0.0001,256,5.283259391784668,0.050212979316711426,12.051854133605957,2.8388288021087646,0.026295948773622513,5.233046531677246
90004,0.001,1,2.9207820892333984,0.026295941323041916,1.9270678758621216,0.026295941323041916,0.026295948773622513,2.89448618888855
90004,0.001,4,4.829594612121582,0.07151235640048981,4.088537216186523,1.0250989198684692,0.026295948773622513,4.758082389831543
90004,0.001,16,5.2627482414245605,0.07019641250371933,6.7669830322265625,1.7644582986831665,0.026295948773622513,5.192551612854004
90004,0.001,64,5.279404163360596,0.07511155307292938,9.427886962890625,2.3461742401123047,0.026295948773622513,5.2042927742004395
90004,0.001,256,5.279603481292725,0.055229611694812775,11.759604454040527,2.8388288021087646,0.026295948773622513,5.224373817443848
90004,0.01,1,2.9065961837768555,0.026295941323041916,1.9270678758621216,0.026295941323041916,0.026295948773622513,2.880300283432007
90004,0.01,4,4.797856330871582,0.07395341247320175,4.086941719055176,1.0250989198684692,0.026295948773622513,4.723902702331543
90004,0.01,16,5.224861145019531,0.06766809523105621,6.770405292510986,1.7644582986831665,0.026295948773622513,5.157193183898926
90004,0.01,64,5.241482734680176,0.08214151114225388,9.444757461547852,2.3461742401123047,0.026295948773622513,5.159341335296631
90004,0.01,256,5.241691589355469,0.06142565980553627,12.050490379333496,2.8388288021087646,0.026295948773622513,5.1802659034729
90004,0.1,1,2.76029896736145,0.026295941323041916,1.9270678758621216,0.026295941323041916,0.026295948773622513,2.7340030670166016
90004,0.1,4,4.507954120635986,0.07219169288873672,4.089537620544434,1.0250989198684692,0.026295948773622513,4.435762405395508
90004,0.1,16,4.877239227294922,0.06028583645820618,6.7769317626953125,1.7644582986831665,0.026295948773622513,4.816953182220459
90004,0.1,64,4.891305446624756,0.07075011730194092,9.452208518981934,2.3461742401123047,0.026295948773622513,4.820555210113525
90004,0.1,256,4.891497611999512,0.047017041593790054,12.017314910888672,2.8388288021087646,0.026295948773622513,4.844480514526367
90004,1.0,1,1.8665122985839844,0.026295941323041916,1.9270678758621216,0.026295941323041916,0.026295948773622513,1.8402163982391357
90004,1.0,4,2.7773046493530273,0.05958423763513565,4.10031795501709,1.0250989198684692,0.026295948773622513,2.7177205085754395
90004,1.0,16,2.8947606086730957,0.017112836241722107,6.804459571838379,1.7644582986831665,0.026295948773622513,2.877647876739502
90004,1.0,64,2.8976058959960938,0.030672110617160797,9.44692611694336,2.3461742401123047,0.026295948773622513,2.866933822631836
90004,1.0,256,2.897634744644165,0.01271673571318388,11.660402297973633,2.8388288021087646,0.026295948773622513,2.884917974472046
